Name,City,BloodGroup,Contact,Email
Requestor2,Chennai,A-,9000000002,req2@sample.com
Requestor3,Coimbatore,B+,9000000003,req3@sample.com
Requestor4,Coimbatore,A+,9000000004,req4@sample.com
Requestor5,Coimbatore,O+,9000000005,req5@sample.com
Requestor6,Madurai,AB+,9000000006,req6@sample.com
Requestor7,Madurai,A-,9000000007,req7@sample.com
Requestor8,Madurai,AB-,9000000008,req8@sample.com
Requestor9,Tiruchirappalli,A+,9000000009,req9@sample.com
Requestor10,Tiruchirappalli,B-,9000000010,req10@sample.com
