City,Hospital
Chennai,Apollo Hospitals Greams Road
Chennai,Kauvery Hospital Alwarpet
Chennai,MIOT International
Chennai,Fortis Malar
Chennai,SIMS Vadapalani
Chennai,SRMC Porur
Chennai,Vijaya Hospital Vadapalani
Chennai,Gleneagles Global Perumbakkam
Coimbatore,Ganga Hospital
Coimbatore,Kovai Medical Center
Coimbatore,GKNM Hospital
Coimbatore,PSG Hospitals
Coimbatore,Karpagam Hospital
Madurai,Velammal Medical College Hospital
Madurai,Meenakshi Mission Hospital
Madurai,Aravind Eye Hospital
Madurai,Apollo Specialty Madurai
Trichy,Apollo Hospitals Trichy
Trichy,KMC Trichy
Trichy,Bharath Hospital Trichy
Trichy,ABC Multispeciality Hospital
Salem,Manipal Hospital Salem
Salem,Kauvery Hospital Salem
Salem,Sugam Hospital
Tirunelveli,Shifa Hospital
Tirunelveli,Apollo Speciality Hospital
Tirunelveli,Annai Velankanni Hospital
Thanjavur,Thanjavur Medical College Hospital
Thanjavur,Apollo Hospitals Thanjavur
Thanjavur,TMCH Heart Institute
Erode,Kovai Medical Center Erode
Erode,Sri Kumaran Hospital
Erode,Perundurai Government Medical College
Vellore,CMC Vellore
Vellore,Apollo KH Hospital
Vellore,Sri Narayani Hospital
Tuticorin,Sankara Hospital
Tuticorin,Sri Kumaran Hospital
Tuticorin,Apollo Hospitals Tuticorin
Karur,KMC Karur
Karur,Santhi Hospital
Karur,Bharani Multispeciality
Dindigul,Vasan Eye Care Dindigul
Dindigul,Govt Medical College Hospital
Dindigul,Green City Multispeciality
Kanyakumari,KIMS Kanyakumari
Kanyakumari,Sree Ramakrishna Hospital
Kanyakumari,St Lukeâ€™s Mission Hospital
Nagercoil,Abirami Hospital
Nagercoil,Dr. Jeyasekharan Hospital
Nagercoil,KIMS Nagercoil
Villupuram,GH Villupuram
Villupuram,Durai Multispeciality Hospital
Villupuram,K K Multispeciality
Tiruvannamalai,Arunai Medical College Hospital
Tiruvannamalai,Apollo Hospitals Tiruvannamalai
Tiruvannamalai,Sivam Hospital
Cuddalore,GH Cuddalore
Cuddalore,Jayam Multispeciality
Cuddalore,Sri Venkateshwara Medicals
Nagapattinam,GH Nagapattinam
Nagapattinam,Velayudham Hospital
Nagapattinam,Lotus Multispeciality
Pudukkottai,Anbu Hospital Pudukkottai
Pudukkottai,Government Medical College
Pudukkottai,Bharath Hospital
Ramanathapuram,GH Ramanathapuram
Ramanathapuram,Chandran Hospital
Ramanathapuram,Arasan Hospital
Perambalur,Sri Renga Hospital
Perambalur,Govt Hospital Perambalur
Perambalur,ABC Clinic Perambalur
