DonorID,Username,Email,Password
D001,Mithun T,shreeprasandhking@gmail.com,password123
D002,Shreeprasandh K,shreeprasandhking@gmail.com,password123
D003,Sivaram V,shreeprasandhking@gmail.com,password123
D004,Sudhir K,shreeprasandhking@gmail.com,password123
D005,Dhanudharan K S,shreeprasandhking@gmail.com,password123
D006,Akshaya B K,shreeprasandhking@gmail.com,password123
D007,Yuva,shreeprasandhking@gmail.com,password123
D008,Shrihari M,shreeprasandhking@gmail.com,password123
D009,Shweta S,shreeprasandhking@gmail.com,password123
D010,priya,shreeprasandhking@gmail.com,password123
D011,Sudharsan E,shreeprasandhking@gmail.com,password123
D012,sid,shreeprasandhking@gmail.com,password123
D013,Aarav R,shreeprasandhking@gmail.com,password123
D014,Meera P,shreeprasandhking@gmail.com,password123
D015,Karthik S,shreeprasandhking@gmail.com,password123
D016,Nithya V,shreeprasandhking@gmail.com,password123
D017,Rahul M,shreeprasandhking@gmail.com,password123
D018,Divya S,shreeprasandhking@gmail.com,password123
D019,Anirudh K,shreeprasandhking@gmail.com,password123
D020,Pooja R,shreeprasandhking@gmail.com,password123
D021,Sanjay L,shreeprasandhking@gmail.com,password123
D022,Vaishnavi T,shreeprasandhking@gmail.com,password123
D023,Pranav D,shreeprasandhking@gmail.com,password123
D024,Shalini K,shreeprasandhking@gmail.com,password123
D025,Riya N,shreeprasandhking@gmail.com,password123
D026,Vignesh P,shreeprasandhking@gmail.com,password123
D027,Ananya M,shreeprasandhking@gmail.com,password123
D028,Siddharth R,shreeprasandhking@gmail.com,password123
D029,Nivedita S,shreeprasandhking@gmail.com,password123
D030,Harish K,shreeprasandhking@gmail.com,password123
D031,Anika V,shreeprasandhking@gmail.com,password123
D032,Manoj D,shreeprasandhking@gmail.com,password123
D033,Prathyusha K,shreeprasandhking@gmail.com,password123
D034,Arjun S,shreeprasandhking@gmail.com,password123
D035,Keerthi R,shreeprasandhking@gmail.com,password123
D036,Rahul P,shreeprasandhking@gmail.com,password123
D037,Megha S,shreeprasandhking@gmail.com,password123
D038,Varun K,shreeprasandhking@gmail.com,password123
D039,Naina M,shreeprasandhking@gmail.com,password123
D040,Saurav R,shreeprasandhking@gmail.com,password123
D041,Deepa S,shreeprasandhking@gmail.com,password123
D042,Aravind K,shreeprasandhking@gmail.com,password123
D043,Swathi N,shreeprasandhking@gmail.com,password123
D044,Kiran P,shreeprasandhking@gmail.com,password123
D045,Anushka M,shreeprasandhking@gmail.com,password123
D046,Praveen R,shreeprasandhking@gmail.com,password123
D047,Shreya S,shreeprasandhking@gmail.com,password123
D048,Raghav K,shreeprasandhking@gmail.com,password123
D049,Diya V,shreeprasandhking@gmail.com,password123
D050,Akhil S,shreeprasandhking@gmail.com,password123